movie,text,label,notes
Michael,"This highkey felt like a Disney movie, heavily sanitized. As usual with Michael Jackson the music and performance is so fucking good nothing else matters.",analysis,"Two specific claims: sanitized storytelling, performances as the saving grace"
Michael,The script of this movie is some lifetime level trash but the performances are great and the music is amazing. The third act is basically just a concert film.,analysis,Names the third act structure specifically — verifiable
Michael,I expected it to be superficial. I did not expect it to be THAT superficial.,hot_take,
Michael,"One thing I'll say about this movie, Jaafar Jackson KILLS it. The best parts of the movie (for me) are just him performing at the concerts. Felt like a MJ concert",analysis,Identifies the concert sequences as the film's specific strength
Michael,"Coleman Domingo was extremely good too. The movie was not great, but the two main performances were really strong",analysis,Names two specific performances and evaluates them separately from the film overall
Michael,"I was a huge Michael fan as a kid and wish I could have seen him live. This honestly felt like the closest I'll get. Human Nature is my favorite song of his, I geeked at that scene",reaction,Emotional response to a specific song scene
Michael,"Basically a glorified concert film, as opposed to a normal biopic. Michael Jackson songs followed by a scene or two from his actual life, which was really frustrating.",analysis,Specific structural observation about the film's format
Michael,"I know these films are usually safe but this was safe up to 11. I can't remember any scenes that showed us any of Jackson's character flaws even without going near the allegations. Felt like they over used Joe Jackson, because he's dead he's not going to say anything and it was the easy angle. At points he was such a caricature that I thought he was going to start twirling his mustache. They could have showed some conflict with the brothers or in the studio.",analysis,"Specific structural critique — Joe Jackson caricature, missing character flaws, missed conflict opportunities"
Michael,"I love that Michael didn't have a single character flaw. Just a perfect, pure-hearted saint whose only hobbies were visiting sick children and reading Peter Pan to his horrifying CGI pet monkey. He also ended racism, I think? Powerful film.",analysis,Sarcastic — underlying point is a specific critique of the film's characterization approach
Michael,"They should have cut nearly everything Jackson 5 related, the miniseries did it 10 times better. Honestly, the whole movie should have just been the making of Thriller",analysis,Specific structural argument — names the miniseries as a comparison
Michael,This was the most blatant example of propaganda in a movie I've had the pleasure of seeing in a while. MJ is literally depicted as a perfect angel. It's a movie designed for a crazy fan base to cope with the fact that the Jesus Christ figure marketed to them as children was actually that way in real life. This is less Bohemian Rhapsody and more Passion of the Christ.,analysis,Specific framing critique with a named comparison
Michael,"The Bohemian Rhapsody style editing definitely made the second half worse to watch. Also, wished we got the full Motown 25 and Grammy stuff tackled instead of just 5 minute montages. Super minor nitpick but I didn't like that PYT didn't get any time in the sun off Thriller.",analysis,Names a specific editing style comparison and specific omissions by name
Michael,The movie dragged because his Dad hung around like a pungent fart and it kept delaying the inevitable. For the sake of the film it's just not all that interesting watching Michael read Peter Pan in 4 different scenes and repeatedly saying 'I need to take my own path' almost the whole entire movie.,analysis,Specific pacing critique — names the Peter Pan repetition and counts the scenes
Michael,"michael states his motives. either joseph goes against it, or mother and bill support it. recreate the iconic moment without any flair, but still expect an audience reaction. have a musical montage that is horribly edited. make sure branca is there for some reason. repeat until the end.",analysis,Identifies the repeating scene structure as a formula — verifiable
Michael,"For a biopic that heavily embraces the cheese, it had a lot of missed opportunities to go further. Loved the 'I have to be here to receive these ideas. Otherwise, God will give them to Prince' line. But Michael watching the gang wars news report workshopping Beat It transitions quietly into the limo with no 'eureka' moment. After Mike Myers threatens the MTV producer to put Thriller on air, the scene moves on to MJ on a limo without the middle step of achieving the result.",analysis,Names two specific scenes where the transition misses an opportunity — verifiable
Michael,"I wish they focused more on Michael's creativity as an artist and less on how much of a jerk his dad was. After a certain point we totally got the idea of his shitty dad and I was ready to move on, but it lingered the whole time. I would have liked to see Michael learning the moonwalk for the first time, and more about him writing his monster hits.",analysis,Specific structural critique — names what was overexplored and what was missing
Michael,this movie really felt like if you got AI to write a summary of michael jacksons life in dot point and then just shot scenes to match that. i dont think ive seen a more sterile music biopic in my life which is an insane thing to feel for arguably one of the greatest performers and entertainers of all time.,analysis,Specific characterization of the film's structure and its irony given the subject
Michael,"I saw this film tonight at the Grand Lake theatre in Oakland at a mostly Black hardcore Michael fandom. It was a pleasure and a privilege. Everyone jeering at Michael's Dad like he was a villain in a cartoon, cheering for Michael's power moves. This film is significantly recreated performances, and a lot of the family drama is presented in stilted, operatic formats. I could not possibly care less that this almost certainly did not happen. It was a perfect climax to the drama. This is not a biopic in the traditional sense. This was a Jackson-estate sanctioned kinetic hagiography to Michael Jackson, The King of Pop. See it with a crowd if you can.",analysis,Explains the RT/audience score gap through the lens of a specific screening experience — describes what the film is designed to do
Michael,I think the biggest issue is the fact that Fuqua doesn't have the chops to tackle a music biopic and the Jackson Estate would never let this be remotely interesting. It's a fluff piece and not a particularly good one. Kinda wish the Better Man team made this instead.,analysis,Directorial critique with named comparison
Michael,"I'm not as well-versed into Michael Jackson's life as I was into Queen's career, but I get the feeling that this was every bit as historically inaccurate as Bohemian Rhapsody was.",hot_take,
Michael,The boomers in my theater clapped and said 'yes Michael!' every time he stood up to his dad and when the credits started,reaction,Theater reaction to specific repeated moments in the film
Hoppers,"Such an elegant, family-friendly way to evoke survival of the fittest",analysis,Names the thematic function of the pond rules concept
Hoppers,I think it was referencing both Lion King and Hamlet which adds layers to the joke. Best reference in a movie full of great references.,analysis,Identifies a specific dual intertextual reference
Hoppers,The sounds that King George made when Mabel was disconnected from the robot beaver were pretty sad. I felt bad for him during that scene.,reaction,Emotional response to a specific scene
Hoppers,"'You will feel a biting sensation, followed by death,' said like a friendly nursing assistant, really got me.",reaction,Reaction to a specific line and its delivery
Hoppers,"Finished the movie about 20 mins ago and just realized that obviously the animals don't know how to read or write (and presumably don't know English either), so of course they would have to resort to emoji",analysis,Specific plot logic observation — verifiable
Hoppers,The whole 'pond rules' mentality of animals being extremely polite as they eat and kill each other was really funny to me. Diane was the most extreme example of that but the whole movie is really built on that kind of joke,analysis,Identifies the comedic principle underlying the film's humor
Hoppers,My favorite part was when the bird said 'Fuck around and find out.' I know he actually said 'flock' but there was a solid two seconds when I thought he said fuck and I burst out laughing,reaction,Reaction to a specific joke
Hoppers,I appreciate that they didn't feel the need to include the trope of the body switched main character revealing herself to the new friend and that ruining their relationship until the 3rd act. I was pleasantly surprised that they avoided this trope AND elevated Mabel and George's relationship in a different way,analysis,Identifies a specific structural choice — avoiding the reveal-as-conflict trope
Hoppers,Dreamworks and Pixar did a 'vibe swap' that actually worked with Dreamworks doing 'Wild Robot' and Pixar doing 'Hoppers',analysis,Specific studio comparison with reasoning — checkable against both films
Hoppers,"First of all, I can't believe they put a Bikini Kill needle drop in a Pixar movie. A whole generation of kids are being introduced to punk rock by the Walt Disney Corporation and I find that deeply funny. This movie rocks though. Maybe the funniest movie Pixar has ever made. The whole tone of this is really unique for the studio and it feels like they just found a filmmaker and let him cook, which is always the approach that brought them the most success.",analysis,Names specific needle drop and identifies the directorial freedom behind the film's tone
Hoppers,I was wholly unprepared for the death of her grandmother and how it would resonate with me. I genuinely cried like 80% of the movie. At the start I thought it was gonna be a bit like UP where I'd be safe eventually but oh my god the flashbacks kept coming.,reaction,Emotional response to the grandmother subplot
Hoppers,I was crying by the end. That film broke me.,reaction,
Hoppers,"It kinda feels like Pixar's Emperor's New Groove in that it's so different from other films they've made. It's still got that Pixar heart at the center of the story, but they clearly let the film makers break the mold and make something really unique and funny.",analysis,Specific comparison to Emperor's New Groove with structural reasoning
Hoppers,"My favorite is Diane the shark, she's such a scene stealer. The vicious looking shark but with Vanessa Bayer demeanor is a win combination. Also, I really like the post-credit scene, it felt wholesome and really reiterated the message about compassion/we're all in this together, I love that the ants delivered the milk, egg, and sugar.",analysis,Names specific voice casting choice and identifies post-credit scene's thematic function
Hoppers,I can't get over the fact that the movie tries to give King George the higher moral ground against 'squishing' while simultaneously having him rule a kingdom that allows some of his subjects eat others without remorse. The premise may have worked better if the animal cast was just beavers and not a whole food-chain from bugs to bears.,analysis,Identifies a specific internal thematic contradiction in the film
Hoppers,King George's reaction when he thought Mable was captured and killed really touched me. He walked towards Mable's beaver looking all sad and made those sad noises. That's my favorite scene of the movie.,reaction,Emotional response to a specific scene
Hoppers,"The transition from seeing King George from the animal POV and the human POV was so subtle yet so powerful, easily my favorite underrated moment of the movie. When we first see him from the human perspective as he cradles Mabel's beaver body, it's just a simple camera perspective change but really affects how you view him, from the wise and sensible beaver to the poor confused animal trying to make sense of human tech",analysis,Identifies a specific cinematographic choice and its effect on character perception — verifiable
Hoppers,Our ACTUAL villain Titus is introduced WAY too late to land as a satisfying antagonist. His motivations are sketched in so quickly they barely register; I guess he was sad about his mom dying? But then suddenly once they have him bound and gagged the focus switches to killing the randos at the press conference. That said: major props for the creep factor of the fake Jerry robot suit. That thing was nightmare fuel. I genuinely can't believe we have a Pixar film where the villain's plan involves liquefying brains with weaponised soundwaves.,analysis,Specific structural critique of Titus's narrative function and a named scene observation
Hoppers,"On the highway construction plot point - it's nice to see a movie tackle that issue since so much of the US is being plagued by insane car dependency and endless highway expansion right now. HOWEVER, I would've liked if they addressed it a little more directly at the end. I did love the 'it's all just one big place' theme, I feel like that's such a concise and nice way of getting people to think more critically about how we build public space",analysis,Identifies the film's environmental theme and where it stops short — with a specific quote
Hoppers,"Justice for the classroom turtle! Absolutely loved this movie. Reminds me of Goofy Movie. So funny, yet so heartwarming.",hot_take,
Hoppers,"Finally, we got a good Pixar villain again. Last one I think it was Lotso. Wow, so many years ago. But Titus was AMAZING",hot_take,
Hoppers,Dave Franco killed it with how unhinged he sounded when he emerged at the rally as robot Jerry and trying to act like a normal human,analysis,Specific performance observation in a named scene
THE BRIDE!,"What was so frustrating to me was the way the movie would present some great feminist ideas and then shrink away afraid to commit to them. When The Bride awakens she's her own spirit, not willing to be defined by Frank's desire for a mate. But at the club she gets assaulted and he comes to her rescue and she then follows him around like a lost puppy. Through the whole second act he gaslights her about their relationship, having sex with her under false pretenses. But after he comes clean she comes back to him again. And then there's the female revolution, which lasts one scene and never goes anywhere.",analysis,Names specific scenes and tracks the arc across acts — all verifiable
THE BRIDE!,"It bothered me so much that this was supposed to be a movie about female empowerment, but the actual title character had no agency. First she was possessed by a ghost without her consent, then brought back to life without her consent, then essentially tricked into a relationship and gaslit. She even says 'I didn't ask for any of this!', but the movie didn't seem to have enough self awareness to recognize that. Her whole identity is just 'The Bride' aka being married to someone, and she doesn't even give herself an actual name. That is so backwards for what the story is trying to advocate.",analysis,Quotes a specific line of dialogue and traces the agency argument through the whole film
THE BRIDE!,"I felt that any positive feminist ideas were undermined by the director immediately turning Mary Shelley into an agent of their own self-indulgence. Mary Shelley didn't want to write the enormously profound, layered, ahead of its time Frankenstein. What she actually wanted was to write a shallow mess and periodically show up to spout cringey garbled nonsense like a drunk aunt.",analysis,Specific critique of the Mary Shelley narrative device
THE BRIDE!,Truly a bizarre mix of tones.,hot_take,
THE BRIDE!,"Am I crazy or was the Dr. implying she turned her husband into the cat? She mentions at the start of the movie, when talking with Frankie about her work, that she also reinvigorated cats. Then in the final sequence of the movie when talking about her George, we get a quick cut to the maid holding the cat and I swear that cat had a mustache and a goatee.",analysis,Specific plot detail connecting two scenes — verifiable
THE BRIDE!,The cat is credited as George The Cat in the credits. To me that confirmed this theory.,analysis,Credits observation that confirms a specific plot reading
THE BRIDE!,2015 called and wants its 'feminism' back,hot_take,
THE BRIDE!,"Bale and Buckley looked like they had a blast filming this but I wish I had a good time watching it. Every scene with Frank and the Bride were fun but everything else revolving them was kinda meh. The mob, detective, scientist, and feminist uprising plot threads felt oddly out of place. The only scene I really enjoyed was the ballroom dance into police standoff. After that it kind of dragged on. The lighting and makeup were pretty good though.",analysis,Names specific plot threads and the one standout scene
THE BRIDE!,"About the makeup - it really bothered me how the bride's lipstick application was different day to day. I could go with it if her character was actually putting the lippie on every day but it was supposed to be staining, right?",analysis,Specific visual continuity observation — verifiable by rewatching
THE BRIDE!,People acting super shocked and horrified seeing Frank read as so hollow to me because this is occurring in major cities post-WWI. There were a LOT of men with the aftermath of horrific injuries walking around and living life. It would not have been shocking to see a guy with extensive facial and body scarring. Plus he's genuinely just a handsome dude with a lot of scars.,analysis,Specific historical context critique — the post-WWI setting makes the horror reactions implausible
THE BRIDE!,"I wish they had leaned more in the zany/surrealist energy of the ballroom scene and also all the moments where they were blending reality with the films they were watching. It could have been really trippy and mind bending, but alas, we got this instead.",analysis,Names a specific scene and identifies a tonal direction the film abandoned
THE BRIDE!,It definitely felt like they were trying to do too many things at once. They could have dropped one or two storylines to help make it more cohesive.,analysis,Specific structural observation
THE BRIDE!,The Mary Shelley possession storyline was kind of dropped later on — seemed like Maggie G just lost interest in it. The copycat gangs of women were involved enough to complicate the plot and themes but not enough to make any kind of coherent point.,analysis,Names two specific subplots that were abandoned mid-film
THE BRIDE!,"I should have gone to see Hoppers, cause wtf was this",hot_take,
THE BRIDE!,"I think it's a great movie buried somewhere under a good movie. Both Buckley and Bale brought an intensity to the movie that was a joy to watch. They had great chemistry together. Sure, the Mary Shelley thing was weird, but I never felt even for a moment that I need a clear explanation on that or how it works.",hot_take,
THE BRIDE!,Very much a hot mess. Wild swings and a fun yet on the nose Young Frankenstein reference. Monster Mash playing in IMAX was wild,hot_take,
THE BRIDE!,"What I will say is I really liked the Puttin' on the Ritz dance sequence. That felt like the moment when the movie was fully executing its potential. Other than that, this script and directing is cringey. Its attempts at feminist moments felt so outdated. I laughed when Peter Sarsgaard says 'everyone is losing it over a female criminal but why don't they go nuts for a female astronaut?' or Penelope Cruz's moment at the end where she says 'I'm the detective!'",analysis,Names a specific scene that works and quotes specific lines as evidence of the film's failure
THE BRIDE!,"The 'female astronaut' line bugs me extra, because it breaks the setting extremely far. The movie's set in the 1930s, the jet engine hadn't been invented yet, let alone the word astronaut. If it was an intentional break with the setting like the nightclub, then I don't think it was a good choice. The movie looks great when it sticks to its 1930s setting.",analysis,Specific historical anachronism identified with reasoning — verifiable
THE BRIDE!,"Once Mary Shelley started to talk about how she was never able to write the book she truly wanted to write and decided to OC herself into the movie as The Bride's tourettes, I knew we were in for a mess.",hot_take,
THE BRIDE!,"If you're gonna invoke the voice of a dead author to claim that you're telling the one true adaptation of their work, then you had better be about to drop a fucking masterpiece. That's stepping back from home plate to call your shot. If you do that and then don't hit a home run, then you're a hack.",analysis,Specific argument about what the Mary Shelley device stakes — and what it required
THE BRIDE!,"I thought there were some great performances in this (the two leads, plus Annette Bening) and some cool imagery but other than that, it was awful. The detective subplot didn't work at all.",analysis,"Names specific elements — performances by name, and the detective subplot"
THE BRIDE!,I was not ready for the movie to start with Mary Shelley isekai herself into a random woman in what I guess is a world where Frankenstein is real. I'm not even sure if I got that right.,reaction,Reaction to the opening sequence
THE BRIDE!,Say what you will about this movie…. But damn did they go all out with the 'Putting on the Ritz' number. Was a crazy amount going on in that scene,reaction,Reaction to a specific scene
THE BRIDE!,"It was this moment that Maggie and everyone involved should have realized they needed to go harder on the dance numbers. This scene alone is gonna be big on social media when it releases because it was electric. I really wish The Bride! was this, basically. Frankenstein Bonnie and Clyde stuck in West Side Story. Sadly, it's not that.",analysis,Specific structural argument about what the film should have committed to
THE BRIDE!,"Buckley's performance is stellar, but for me, it's one of those films where I'll forget almost everything about it in 1-2 months time. I sadly was not engaged with it at all. And Penelope Cruz's character was completely useless.",analysis,Names specific performance and identifies a specific character as extraneous
THE BRIDE!,The last scene with the police chief and her was so unbelievably cheesy. The way she got the detective position was so odd. Her proxy quit and gave her his job. Not due to her being a good detective or anything. The whole badge showing was unbelievable — you're telling me that the whole time she was being ignored was fully circumvented by a show of a badge she got 12 hours ago? No questions asked?,analysis,Specific plot logic problem in the detective subplot — verifiable
THE BRIDE!,"'Hey, who the hell are you?!' 'The detective.' 'Okay.' Total cheese. I honestly couldn't tell if that entire scene, including the officers lighting the Bride up with like 6,000 bullets, was supposed to be camp or remotely serious. It didn't work either way.",analysis,Quotes specific dialogue and identifies the tonal ambiguity of the final scene
THE BRIDE!,Would I watch this movie again?! I would prefer not to.,hot_take,
THE BRIDE!,"It didn't feel like there was ever much of a plot. The audience is just along for the ride as our two undead monster protagonists go on a Bonnie and Clyde style adventure. It's more of a fairy tale than horror movie. I enjoyed it, although I thought it went a little too long.",analysis,Genre observation and structural claim about the plot — checkable
THE BRIDE!,I thought the cops showing up at the drive-in and doctor's place was so dumb. Took away from Cruz's character being a detective and finding the Bride herself.,analysis,Specific plot observation about the detective subplot's internal logic
Project Hail Mary,"It might be a good movie. Not in my opinion, but hey. Its a terrible adaptation though. It doesn't hold true to any of the characters or vibe or tone or voice. Ryan Gosling could have been a GREAT choice, but they really just said 'go be a surfer boy scientist'. Director crapped the bed at trying to use the humor found in the book to just try and appeal to a wider audience.",analysis,Names specific tonal/characterization failures vs. book
Project Hail Mary,Tear jerker movie,hot_take,
Project Hail Mary,I hated how the movie was trying to be funny every 10 seconds.,hot_take,
Project Hail Mary,I liked it. Was a breath of fresh air. There's a ton of serious space adventure type of movies.,hot_take,
Project Hail Mary,"Man, I really loved how they interpreted a whole new alien species and how it communicates, sees, lives.",analysis,Names a specific element of the film's design
Project Hail Mary,"I FINALLY got to watch the movie. Amaze, amaze, amaze! I loved everything about it. I never thought I was going to be so emotionally attached to a rock, but here we are.",hot_take,
Project Hail Mary,"A very good movie and adaptation. A few things I'd disagree with is that Eva had a much bigger role in the books and I think they should have kept that, it would have had her forcing him into the ship have a bigger impact. She also was more harsh in trying to convince him which would have had a bigger effect on the screen.",analysis,Specific book-to-film character change named
Project Hail Mary,I enjoyed the movie immensely yesterday. However there is one thing I can't understand: The whole point was to kill the astrophage. Why did EVERYONE just gloss over it when Grace accidentally killed one at the start of the movie? He injected it with something and bam - dead. I would imagine the people in the window would have immediately jumped at that.,analysis,Specific plot logic question — verifiable by rewatching the opening scene
Project Hail Mary,"Loved the movie. Yes there was some key details missing and yes the character buildup was a bit... Rocky was goofy in the book now and then, but not this goofy. But still the relationship was very well captured, which seemed to be the focus of the movie rather than the shared tragedy with their suns.",analysis,Specific character comparison between book and film
Project Hail Mary,"Man I rarely cry at movies, but this was such an impactful movie, it was seriously good. Ryan is such an amazing actor. He filled the screen with so much emotion, there wasn't a second that went by that I felt was wasted. This was the best movie I've seen in a long time. I would say it's in the league of Interstellar. 10/10 thumbs down, will be watching again and again!",hot_take,
Project Hail Mary,"I liked Interstellar, but I think this movie is vastly superior. Best movie I've seen in years.",hot_take,
Project Hail Mary,Book was absolutely amazing and the movie that played in my mind was probably 10 times better than what Hollywood put together. I'm glad I watched it but if I ever revisit the story again it will probably be via the novel.,hot_take,
Project Hail Mary,"It's a beautiful movie and well made and Ryan Gosling is great and Rocky is adorable…but I really didn't like it. Characters constantly reassuring the audience that things are still fun. Tension being undermined quickly with a joke. Dialogue that often sounds optimized for audience enjoyment rather than realism. It feels like a Marvel movie at times. Like this exchange: Grace: 'The Sky is slightly on fire' Rocky: 'Words of encouragement'. They're on a dangerous mission and the two of them have that bit of banter. I don't mind it in a Marvel movie, but this could be such a better and more profound movie without it.",analysis,Names specific structural complaint with a quoted example — checkable
Project Hail Mary,I totally agree. The movie was basic as fuck. It felt like a kids movie that was aimed at adults. I was so ready for it to end about an hour and a half in but it just kept going with needless dramatic moments where I just couldn't care less.,hot_take,
Project Hail Mary,"The translation process was entirely impossible and a bit insulting to the viewer's intelligence. You can't derive complex emotions and idioms from a few numbers. Language doesn't work that way. Grace being absolutely necessary to the mission seemed bizarre. His experiments were things that any grad student would immediately try, and the revelations he had were so basic. None of the world's top scientists realized it was attracted to IR light?",analysis,Specific plot logic critiques with named examples
Project Hail Mary,"All I want now, is a rocky friend 😢😢😭",reaction,Emotional response to the character — no overall film verdict
Project Hail Mary,"Amazing film really didn't expect it to be that brilliant, considering I thought the trailer looked awful.",hot_take,
Project Hail Mary,"So I read the book then watched the movie. Book is better obviously, but my big difference is Stratt. In the book it seems like Grace is the legit 3rd option. The movie makes me feel like she purposely got the other two killed so Grace would have to be the guy.",analysis,Specific character reading difference between book and film
Project Hail Mary,"dear god almighty, this is one of the most engaging, heart wrenching and most fun sci fi movies ive watched recently. rocky is so goddamn adorable.",hot_take,
Project Hail Mary,Actress who played Eva Stratton in the movie was weak and had no charisma. Very bad choice. Eva Stratt should have been more like Meryl Streep in Devil Wears Prada.,analysis,Specific performance critique with a named comparison
Project Hail Mary,Time to use my free trial of MGM+ I guess and promptly cancel after watching.,noise,"About streaming access, not the film"
Project Hail Mary,The book should be adapted for a mini web series instead of a movie.,hot_take,Format verdict
Project Hail Mary,Rocky is a way better than his Earth namesake.,hot_take,
Hoppers,Did not expect this movie to have a body count,reaction,Surprise at a specific element of the film
Hoppers,I loved the amount of gratuitous explosions. Reminded me of classic Simpsons,analysis,Names a specific recurring element and a comparison
Hoppers,Underrated joke that had me cackling was when King George explained his backstory and it was essentially Hamlet,reaction,Reaction to a specific joke/scene
Hoppers,"I don't know why, but the line, '[sigh] It's an arrow, Ted.' is inexplicably funny to me.",reaction,Specific line — reaction to it
Hoppers,"Pretty fun film, I liked it a lot. I'm glad that Mabel's human form got a decent amount of screentime, I was worried such a nice looking design would be completely eclipsed by the beaver form. That 2nd act especially is so completely off the rails. The Insect Queen getting squished might be the most shocked I've been from any form of media in a while lmao. Big fan of Diane the shark, the part where her 'communicating eyes' switched to her black beady eyes was so good, as well as the entire concept of a great white being carried by a personal squadron of birds.",analysis,Names multiple specific scenes and elements — all checkable
Hoppers,Spotted the birds from 'For The Birds' at the council meeting and the talking dog collar on Dr. Sam's chalkboard at the end. What other Easter eggs did folks see?,analysis,Identifies specific Easter eggs by name and location
Hoppers,I love that Jerry always heard Mabel out. He just matched her energy of thinking he was right too. Even removing her from the demolition site it was a final resort and the cops actually apologize to her.,analysis,Specific character behavior observation — verifiable
Hoppers,"In a lesser movie Jerry would've been a one dimensional villain but I did appreciate him genuinely caring about his mom which I thought was sweet. I never wanted him to die or fail, just to understand the impact of his mayoral actions on the wildlife.",analysis,Character analysis with specific reasoning
Hoppers,"This was one thing that bugged me a bit. The beltway Jerry is obsessed with is shown repeatedly to be useless — 'connecting Beaverton to itself', 'commutes up to four minutes shorter' — and there's no good reason for it except to give him something to brag about. One of the main messages of the movie is the importance of finding common ground and communicating in good faith with people you disagree with, but it undercuts it a little by having one side of the central disagreement just kinda not have anything redeeming about it.",analysis,Specific thematic critique with quoted examples from the film
Hoppers,So many awesome jokes are packed in this one. It was the funniest premise that Pixar has come up with in a while.,hot_take,
Hoppers,The little switch on Diane's eyes from 'Normal' to all black was terrifying,reaction,Specific moment
Hoppers,"Genuinely thought I might have passed out from laughter when it is revealed what the apex predator is. And then again when we learn that it's just Diane, she's actually super chill.",reaction,Reaction to a specific reveal
Hoppers,"When Mabel smashes the insect queen, a mom behind me burst out, 'HOLY SHIT!' That was the moment I was 1000% sat for this movie. It's like all the adults in the theater realized at that moment the movie just gonna GO FOR IT.",reaction,Specific scene + theater reaction
Hoppers,What I thought is really beautiful is how they bridge the gap between Mabel and George at the end. A rare time where technology brought humans and animals together and created a very tender moment.,analysis,Specific ending observation with thematic reading
Hoppers,"Jerry lives with his mom, is referred to as a 'fashion icon' in an article and his recently used emojis are 'men wrestling' and 'man dancing'",analysis,Specific visual details noticed in the film — all verifiable
Hoppers,"Loved that this movie didn't take the cliche direction of 'humans are bad, animals are good' Ferngully/Avatar direction. Moreover, Mabel staying in her human body at the end felt like a story purpose of her finding herself as part of something bigger as a human; it made her friendship with George all the more heartfelt.",analysis,Identifies a specific narrative choice and its thematic function
Hoppers,The first time the King started pressing emojis was the hardest I've laughed at a movie in a long time,reaction,Specific scene
Hoppers,"Hoppers willing to let loose and go batshit insane is really to its benefit. It could have felt pretty cookie cutter without it. I think where The Wild Robot feels like classic Pixar, Hoppers feels like DreamWorks at its best.",analysis,Tonal comparison to other Pixar and DreamWorks films with specific reasoning
Hoppers,That squishing of the queen butterfly scene is the most shocking moment I've seen in a Pixar movie. Some kids will be terrified by Hoppers lol,reaction,Specific moment
Hoppers,Insane to me that Pixar finally got Meryl Streep on their 30th film and she voices a freaking butterfly that gets squashed like five minutes after her introduction.,analysis,Specific casting and narrative observation — checkable
Hoppers,Haha funny beaver movie. Mabel gives monologue speech about feeling useless at the powers at be destroying everything and the values she was instilled as a child and her government clearly ignoring her concerns for profit of a small group of elites. Haha...,analysis,Reads the political subtext of a specific monologue
Hoppers,"It's funny for the first act I was charmed by the way everything was set up, but it also felt a bit safe and had me worried. THEN THE NEXT TWO ACTS HIT LIKE A FREIGHT TRAIN GOOD LORD. SEEING THIS WITH A PACKED AUDIENCE IS A MUST.",analysis,Structural observation about act-by-act pacing
Hoppers,My theater had a huge collective gasp followed by hard laughter when Mabel killed the insect queen. An all-time Pixar moment,hot_take,Overall quality verdict — 'all-time Pixar moment'
Hoppers,Genuinely the most fun I've had in a Pixar movie since Turning Red. Piper Curda MVP. The post credits scene where the ants give the old guy his groceries were super cute,hot_take,Comparative verdict
Hoppers,"'Trust is like a dam. When it breaks, you've just gotta do some work to fix it.' That hit me harder than any other line in the movie. Long live King George",reaction,Reaction to a specific line
Michael,"'Those are my demos, don't touch that.' Bubbles almost deleted Thriller",reaction,Reaction to a specific scene — names the moment
Michael,Pretty sure the animals had more screentime than the other Jackson 5 members,analysis,Specific observation about screen time distribution — checkable
Michael,Felt like a Joe Jackson movie more than a Michael movie,hot_take,Overall structural verdict
Michael,"yes but i think in terms of narrative cohesion and through line, joe had a much better arc than michael. which is insane but kinda true. at least in so far as its a michael movie but still felt like joe was stealing the scenes from a film perspective",analysis,Specific structural comparison between character arcs
Michael,"I just wish they'd added 30 min more to explore his psyche and creative process more in depth. We got to see how he got inspo from TV shows and how he came up with a few songs, but what about the making of Billie Jean, the ups and downs, the uncertainty. How did he come up with the Bad era? We didn't get to know, they just cut to it.",analysis,Names specific creative processes and albums that were skipped
Michael,"This movie teases and depicts MJ's first meeting with Bubbles the chimp like it was going to be a surprise cameo appearance by Robin Williams or something. Ridiculous scene. This film is much more concert film than it is biopic, and even the concert/song scenes aren't particularly great. Difficult to ignore how this film very conveniently wraps up in 1988, just before Neverland and anything related to it.",analysis,Names specific scenes and the 1988 narrative cutoff — all verifiable
Michael,I just love the fact that an executive producer on this movie cast Miles Teller as himself in what's basically a glorified cameo.,analysis,Specific casting observation
Michael,Take a shot every time someone references Michael having a: path / voice / destiny / gift,analysis,Identifies a specific repeating dialogue pattern — verifiable by watching
Michael,"After the time cut to Michael as an adult, this movie had six scenes: Michael is nice to kids, Michael acts has childlike tendencies, Michael is the biggest star on the planet, Michael's dad is an asshole, or Michael making/performing one of his hits. Just those six scenes all playing over and over in different orders. No purpose, no plot.",analysis,Specific structural critique — identifies the repeating scene types
Michael,I think the long scene of him rehearsing the steps for Beat It was the best scene in the film. If they had gone incredibly in-depth about the making of every song on Thriller that might have made for the far superior film.,analysis,Names a specific scene and makes a structural argument about what the film should have done instead
Michael,"That was like the only time my ears perked up. It was fleeting, before we descended back to basic biopic fare. Not in Michael's inner child, or his idealistic mindset. But in the innate, Mozart-like gift that Michael had for songwriting. The consummate showman that made fans give him an ovation for just standing there. THAT was the fascinating part.",analysis,Identifies what the Beat It scene did differently and why it worked
Michael,"I completely get why this has a 40% on Rotten Tomatoes. It follows the musical biopic formula to a near-parodic degree, there's basically zero originality in the storytelling or direction. But I totally get why it's sitting at a 96% audience score. Michael Jackson's music elevates anything by a ridiculous multiplier. The concert sequences gave me chills, honestly even got me a little emotional.",analysis,Explains the RT/audience score gap with specific reasoning
Michael,The collective groan in the theater when 'his journey continues' came on screen was hilarious,reaction,Specific moment — theater reaction
Michael,"Jaafar was phenomenal, especially in the stage performances. In the 5% of the movie that isn't plastered with the best pop music ever made, it's a Lifetime movie or maybe even worse. Directing-wise, it felt like Fuqua was mostly phoning it in. Luhrmann made Elvis his own, meanwhile absolutely nobody will look up who directed this one. The live performances were the best part. Disagree with the consensus: Colman Domingo was terrible — just the flattest, one-note performance. Deon Cole outshines him in a 5 minute Don King scene.",analysis,"Compares director to Luhrmann, names specific performances including Deon Cole in a named scene"
Michael,"I think if the camera would've moved a little bit during the music scenes, it would've had more sauce. Just cut after cut after cut.",analysis,Specific cinematography/editing critique
Michael,I honestly felt that Baz's Elvis had crazier concert sequences. I remember it feeling fucking huge in scope and loud when I saw it in theaters. This was well done but it just lacked something.,analysis,Comparison to Elvis with specific observation about scale
Michael,"I don't think I've ever walked out of a cinema this frustrated. By leaning so hard into portraying him as naive and almost childlike, the film strips away everything that actually made him compelling: his ambition, his creativity, his contradictions. Thriller, arguably the biggest album of all time, gets treated like an afterthought. The Beat It scene especially annoyed me — with the whole L.A. gang conflict setup, it felt like they were about to show him stepping out of his bubble. Instead it just turns into a random dance sequence and then gets dropped completely.",analysis,Specific characterization critique with named scenes and albums
Michael,I knew this movie had no teeth when they completely skipped over Michael's 1979 stay in a mental institution due to his depression after Off the Wall got just one lousy Grammy nomination.,analysis,Specific historical omission identified — verifiable
Michael,"It makes me wonder what the movie would have been like if it had been directed by Baz Luhrmann instead of Antoine Fuqua. Say what you will about Elvis, but at least it's stylized and bombastic without ever feeling boring. It feels like Bohemian Rhapsody all over again — strong performances and solid musical sequences, but safe and ultimately just another formulaic musical biopic.",analysis,Directorial comparison with specific named films
Michael,"They had scenes in the movie that showed people going crazy for him but it still felt like they didn't actually capture the scope of how fucking huge Michael Jackson really was. It's so hard to explain to people that didn't live through it and I was hoping the movie would have conveyed it better. Outside of that, I liked it a lot.",analysis,"Specific observation about what the film failed to convey, with reasoning"
Michael,This film spent more time vilifying Joe Jackson than Infinity War spent on Thanos.,hot_take,Comparison verdict
Michael,Walk Hard really was ahead of its time,hot_take,
Michael,"One thing that bothered me is that they made the Thriller short film and then went to MTV to talk about Billie Jean, but in reality the Thriller video was after the MTV talk. Some parts could've been expanded more and the ending needed more songs after Bad — they could've at least done Dirty Diana and finished off with Man in the Mirror.",analysis,Specific historical continuity error and structural suggestion — verifiable
Michael,You can see this quite clearly in the very elongated ending performances. Basically 20 minutes of music uninterrupted. They had to fill all that time they cut with something and this was probably the most efficient way to do it.,analysis,Specific structural observation about why the ending is paced the way it is
Michael,The Jackson 5 stuff with him as a kid was way more interesting which I was not expecting,hot_take,Comparative verdict within the film
Michael,shit was great if you wanna hear bangers on a theater sound system.,hot_take,
The Drama,Lots and lots of thoughts on this movie. When Charlie and Rachel talk about what they did they use the excuse of being kids but when it comes to Emma they don't give her that same grace. Also Charlie cyber bullying someone so much that they possibly had to move away just gets glossed over. My takeaway was how quickly people want to categorize others and can't live in the complicated gray area we all exist in. The DJ thing is an interesting microcosm — they never would've fired her had they never seen her on the street. But they fixated on it and that one act became who she was instead of considering all of the other evidence they had of her being a normal person.,analysis,
The Drama,"I really appreciate the analysis in the second paragraph. I got so caught up in the drama after the twist that I forgot the grace the friends were giving each other about their worst mistakes (all done as kids) but Emma's is where the line is drawn even though nothing happened while everyone else's had negative tangible impacts on people. Also, from a legal standpoint, Emma is the only one who can't be charged with harassment or abuse. This movie gave me the same feeling as Thomas Vinterberg's The Celebration. Just a small event or conversation that tilts the entire movie on its axis and every frame moving forward isn't quite sitting right.",analysis,Compares to The Celebration with specific structural reasoning
The Drama,"I'm so happy you brought up the DJ, but their argument about it laid out their character motivations from the get-go. Emma was understanding and forgiving. The others wanted to fire her. And then when they actually do fire her because that's what Charlie wanted, he pusses out and makes Emma look like the bad guy.",analysis,
The Drama,The abrupt cut to the photographer repeatedly saying who they needed to shoot had my whole theater going nuts.,reaction,Specific scene — theater reaction
The Drama,I also really liked the sound editing during the awkward photoshoot. Sounded like gunshots every time a picture was taken.,analysis,"Specific, verifiable sound design observation"
The Drama,yes the sound engineering is masterful the whole movie. That little odd flute sound did so much to add tension. It was just amazing,analysis,Names a specific sound element and its effect
The Drama,Can we talk about how Charlie's coworker admitted that the worst thing she has ever done was cheated and 10 minutes later was ready to do it again with Charlie lmao. Girl had zero shame,reaction,"Reaction to a specific plot beat, no overall film verdict"
The Drama,I did not expect this movie to be a rewatchable gold mine. Every character is going to look so different upon rewatch.,hot_take,
The Drama,I thought it was a little sad. She said the guy she cheated with 'treated her like shit'. Then she hikes up her skirt and turns away from Charlie like she knows the drill. Not even seeming particularly aroused.,analysis,Specific scene reading — verifiable by rewatching
The Drama,Loved how she screamed 'USE YOUR WORDS!' at her boyfriend after he punched Charlie out.,reaction,Reaction to a specific line
The Drama,This should get an Oscar nom for Best Editing holy shit,hot_take,
The Drama,"Easy lock for a screenplay nom too imo. Thought provoking, unique and oddly funny.",hot_take,
The Drama,the fact that she locked a disabled child in a closet with 0 remorse but is using her disabled cousin's plight to morally grand stand is sooo ironic,analysis,"Specific, checkable plot observation about Rachel's hypocrisy"
The Drama,Rachel forcing her 'friends' to be extremely vulnerable then weaponizing that vulnerability against them and somehow making herself the victim. Absolutely crazy work and one of the worst things a person can do.,analysis,Names a specific behavioral pattern across multiple scenes
The Drama,I felt it was apparent that Rachel was hating on Emma from the start. That whole 'you look ugly when you cry' comment was catty and revealing of how she felt towards Emma.,analysis,Cites a specific line as evidence for a character reading
The Drama,Or the fact that she said 'doesn't she have any real friends' in the wedding speech. That's not something she prepared after she learnt about the 'secret' — it's something she really thought and just felt comfortable to say after the fact.,analysis,Specific line from the wedding speech with reasoning
The Drama,BRO Rachel was a villain I am so glad I saw this. The actress did a great job at making me hate her.,hot_take,
The Drama,I had to stop myself from guffawing during the scene where young Emma tries to record her manifesto but her computer keeps updating.,reaction,"Specific scene, emotional response to it"
The Drama,Most stressful movie of the year. I closed my eyes during the groom speech to try and hopefully get away from it. AND the most effective jump scare I've seen in ANY movie in a long time. That shit got EVERYONE. Really enjoyed it.,hot_take,Overall verdict dominates — 'most stressful movie of the year'
The Drama,I've seen plenty of horror movies and other tense movies but that whole wedding scene from the confrontation of the previous DJ after Charlie cheating to the speech from the dad with Rachel's reactions and her speech to the gunshot fakeout and that groom speech — that whole string of sequences was probably the most tense I've EVER been in the theater,reaction,Emotional response to a specific sequence — no overall film verdict
The Drama,"That feedback sound that sounded like a gunshot during the climax, I can't remember the last time I jumped this hard from a jumpscare in a movie.",reaction,"Specific moment, physical reaction"
The Drama,Did anyone notice that scene transition with Rob swearing and the censor beep was part of the phone in the latter scene. The directing and editing was fye,analysis,"Specific, verifiable editing observation"
The Drama,"Great film, but did anyone else notice that for a man who's engaged to a woman deaf in one ear, he spends a lot of time almost 'naturally' standing at her deaf side? When in bed, he's on her right hand side. When sitting on the couch, he's at her right hand side. You'd think that knowing she's deaf in her right ear, he would naturally gravitate to standing to her left.",analysis,"Specific, verifiable continuity observation"
The Drama,I'm sorry but I just don't buy that dude would have stayed with that horrible woman after learning what she did. The kid was DISABLED and she LOCKED HIM IN A CLOSET IN THE MIDDLE OF NOWHERE!,hot_take,
The Drama,"I think it's a very much intentional choice the best man and maid of honor are foils/parallels of the protagonist — Rachel ACTUALLY hurt a disabled child but didn't intend to because she panicked, while Emma didn't actually hurt ANYONE but what she planned was horrific. Mike is a parallel of Charlie in that they're both absolute fucking cowards and pushovers.",analysis,Identifies specific structural parallel between character pairs
The Drama,"I really liked this and noticed the parallel with the DJ situation. They allegedly see the DJ smoking heroin and initially decide it's not a big enough deal to fire her. But their friends convince them that since they do know, they should fire her from a moral standpoint. Similarly, had Charlie never known about Emma's past, their wedding would've gone off without a hitch. All this to say, whoever said 'ignorance is bliss' dropped a bar lol",analysis,Identifies parallel narrative structure between subplot and main plot — checkable
The Drama,If someone knows the name of the song they play when Charlie is upset please let me know!,noise,
The Drama,The way the air sucked out of my theater when the secret was revealed -- you could hear a PIN DROP! I was glued and on the edge of my seat while laughing hysterically the entire time. 8/10,hot_take,Overall verdict dominates
The Drama,Robert Pattinson out there churning out Die My Love and The Drama in quick succession is wild. Gotta love the little british freak.,hot_take,
The Drama,"I was super impressed by Zendaya's performance. I think because she's such a huge household name, it can be hard to separate her from 'Zendaya', the household name, versus her characters. I fully felt like she made Emma a complex person, and the only other character she's played that I've felt that way about is Rue from Euphoria.",analysis,Specific reasoning about performance — comparison to prior role
The Drama,"Wow, what a film. Zendaya and Pattinson were amazing. For me it clicked when I realized that Charlie only truly understands how to process his feelings about Emma's past when he himself does the most horrible thing he's ever done and has it blow up in his face. Alana Haim does a great job of holding a mirror up to the viewer's impulse to judge Emma without really looking at their own past actions.",analysis,Identifies specific character arc mechanism — checkable
The Drama,"Lovely film, but man, Rachel was insufferable! What Emma planned to do was absolutely horrific, but what Rachel actually did was awful! And at least Emma seemed to feel guilt about her past. I didn't really feel a sense of regret or hurt from Rachel about what she did to that poor boy.",analysis,Specific moral comparison between characters with reasoning
The Drama,It made me feel sad when Emma day dreamed about Charlie laughing with her and comforting her the morning after. Then the snap to reality of the 2 on completely different chairs.,reaction,Emotional response to a specific scene
The Drama,"I really liked this scene because it breaks the audience's trust a little bit by showing that the perspective isn't just what's actually happening, but also partly what's happening in their heads. That made me think about the scene of her as a kid getting ready to shoot a dog tied to a tree — it's not fully clear whether that's an actual memory or Charlie's anxiety imagining the worst possible thing.",analysis,Specific structural observation about narrative perspective — checkable
The Drama,The editing perfectly showed their intrusive thoughts and overall headspace. Took me a couple instances of them doing it but once I picked up on it I thought it was really well done,analysis,Specific claim about how the editing technique functions
The Drama,Very underrated joke for me was when Emma corrected Charlie on the death toll necessary for a mass shooting.,reaction,Reaction to a specific comedic moment
Scream 7,The score so far doesn't surprise me. The trailers didn't instill much confidence.,noise,Pre-screening — no evaluation of the film itself
Scream 7,Because the movie quite literally is a gpt make me a scream movie. After they fired the new cast and everyone left they just had to panic and bring back Sidney and throw together the most generic boring movie.,hot_take,
Scream 7,Watching certain scream subs get defensive told me this was probably a stinker. That's a shame scream was wildly consistent too,hot_take,
Scream 7,"I like 3's campiness, but 7 is pure drivel.",hot_take,
Scream 7,"When Sydney screamed ""WHERE IS MY DAUGHTER?!"" It was giving Bella Swan types of cringe.",reaction,Specific moment with a quality judgment about that moment only — no overall film verdict
Scream 7,I didn't keep up with all the actor drama but its insane to me they're essentially choosing to just drop the sisters/billy storyline for the third movie in what was a trilogy clearly leading to something,analysis,Checkable structural observation about the trilogy arc
Scream 7,I love that the Carpenters are in Witness Protection but the guy that got stabbed twenty times by three Ghostfaces in less than a year gets nothing.,analysis,"Points out a specific, verifiable plot inconsistency"
Scream 7,Australia using an out of 20 scoring system is blowing my mind,noise,
Scream 7,"Saw it yesterday. Easily the worst scream movie yet. No memorable characters, no meta layer, worst reveal and motive, nothing that we haven't seen before 6 times. Neve is great as always, but unfortunately that's not enough to carry a movie.",analysis,"Names specific film elements: meta layer, reveal, motive, character development — all checkable"
Scream 7,"I'm along the same lines with the reveal. It was cool seeing Matthew Lillard back, but they should've actually had the killer as Stu. I didn't care about Sidney's friend and I cared even less about the mental hospital orderly?",analysis,References specific plot elements and named characters
Scream 7,Wake me up when Sydney is Ghostface,noise,
Scream 7,"Sidney: 'I'm not gonna make it there.' standing in the middle of the suburbs, wasting time looking at CCTVs with her phone while Ghostface about to kill Tatum at Sidney's cafe - I laughed so hard.",analysis,Describes a specific scene and identifies a plot logic problem — verifiable by rewatching
Scream 7,I have lost all interest in this franchise. Every time they take one step forward they take two steps back.,hot_take,
Scream 7,Hope they put the franchise on ice after this and sell off the rights to a better studio.,hot_take,
Scream 7,"Just got out of this film (Australia). SIGH. Some decent set pieces. Some of the nastiest, most mean-spirited kills in the franchise. My obsession with Scream comes down to the pairing of a high octane slasher with a stimulating, satisfying whodunnit. These elements (especially the latter) have been sorely lacking in the new era IMO, and are nowhere to be seen in this instalment. I'm happy to see Sidney back, but the new characters are very poorly developed (couldn't even tell you most of their names) and the returning characters are, once again, barely utilised. The first 'bad' Scream film in my opinion. We had a good run.",analysis,Names specific structural elements of the franchise and evaluates the film against them
Scream 7,I agree. I thought it was a steaming pile of shit...reveal also made it 10x worse,hot_take,
Scream 7,"I'm super disappointed with the reveal. The beginning had a lot of promise, but about mid way through, I was ready to walk out of the theater. It seems like they had a decent script written out, but by mid movie, it looks like they had another scream 2 incident with leaks and had to change the script last minute, ultimately ruining the end of the film with a lackluster reveal. IMO, they should have gone with Stu's sister coming for revenge.",analysis,Makes structural claims about the script and reveal — partially speculative but grounded in specific film observations
Scream 7,The Scream series has sort of become everything the first movie was satirising.,analysis,Checkable structural claim about the franchise's satirical arc
Scream 7,"Saw this. It's slop and boring. Kevin Williamson has nothing on Radio Silence in directing horror. The Gale Weathers penthouse scene in 6 is edge of your seat stuff. A lot of their scenes were tense and frightening. This just seems to be poorly constructed with a horrible unlikeable new cast. I don't think you'll remember anyone's name. The reused sets — garage, cafe. When characters got offed one by one, I literally did not care. Mindy going down from one stab, the Black girl dying from being pushed into some beer mugs. The AI cameo slop at the end. David Arquette clearly didn't bother to style himself.",analysis,"Compares specific scenes from S6 to S7, names specific characters and deaths, identifies specific production choices"
Scream 7,I just got back from seeing it. My honest opinion was that I enjoyed it. There were some great creepy scenes that recalled the original Halloween with subtle images of a killer in the background. Some good kills that went a little overboard occasionally. Also just some wasted characters both new and returning. It definitely feels incomplete and rushed. But the worst killer reveal of all of them — I correctly predicted it right away without thinking twice. For the 7th entry in a horror series it's way better than it should be.,analysis,"References specific scenes and film elements by name — killer reveal, character usage, pacing"
Scream 7,"Saw it tonight. As a long time scream fan the twist really pissed me off, built up my excitement and I left the theater annoyed.",hot_take,"The overall verdict ('left the theater annoyed') covers the film, not just the twist — twist is cited as cause, not a standalone scene reaction"
Scream 7,"I was not super hyped about the trailer and felt the movie was a bit empty. No new good side characters. It seems like they didn't know how to deal with the twins — a scratch and they're done, why did Ghostface let them alive? There is a lack of sets, the movie doesn't feel like a journey, half the scenes are in Sid's house. The killers were lackluster with not enough screentime and the motive was not great. The AI was not well used in the plot — no payoff. Gale's arc felt unfinished — she takes pills and she's sad and that's it, no closure.",analysis,Covers multiple specific plot and structural elements in detail
Scream 7,"I didn't hate it, but the gen z vibes kind of throw me off. Kind of makes me wish they used old cameras and stopped with the commercial style lighting. I also was super disappointed when the killer wasn't Stu. It also seems like they just kept pulling stuff from the original.",analysis,Cinematography and structural observations — verifiable by watching
Scream 7,Seems fitting that ChatGPT definitely wrote half of this script 🚮,hot_take,
Scream 7,They managed to gut the franchise worse than Casey Becker,hot_take,
Scream 7,"Not surprising considering all the behind the scenes issues this movie had. Firing of Melissa Barrera, Jenna Ortega dropping out, original director Christopher Landon leaving, having to rewrite the whole script with Neve back as the lead.",noise,Production context — not an evaluation of the film itself
Scream 7,Well this is upsetting because I loved 6,hot_take,
Scream 7,"And just like that, Evil Dead is now the most reliable horror franchise 👑",hot_take,
Scream 7,Given we're into Wednesday going into Thursday early screenings and there's still an embargo on reviews does not bode well for the critical response.,noise,Pre-screening speculation about the embargo — no film content
